seed,n_routed,n_merged,n_quads,n_leftover_final,seconds
0,5537,92828,51951,0,18.528167724609375
1,5533,92832,51949,0,18.214399814605713
2,5543,92822,51954,0,18.17955470085144
3,5523,92842,51944,0,19.01907205581665
4,5517,92848,51941,0,17.468242645263672
5,5557,92808,51961,0,17.274564504623413
6,5539,92826,51952,0,17.86750340461731
7,5505,92860,51935,0,17.44459056854248
8,5517,92848,51941,0,17.45946478843689
9,5545,92820,51955,0,17.593384742736816
10,5517,92848,51941,0,17.762077569961548
11,5535,92830,51950,0,17.345350980758667
12,5527,92838,51946,0,19.455015897750854
13,5537,92828,51951,0,20.035414218902588
14,5523,92842,51944,0,20.12795639038086
15,5537,92828,51951,0,19.630029916763306
16,5547,92818,51956,0,17.692167282104492
17,5529,92836,51947,0,17.69781804084778
18,5549,92816,51957,0,17.676013231277466
19,5515,92850,51940,0,18.122377395629883
20,5539,92826,51952,0,17.535878896713257
21,5541,92824,51953,0,17.10506796836853
22,5529,92836,51947,0,17.102821826934814
23,5525,92840,51945,0,17.47707486152649
24,5539,92826,51952,0,18.100430011749268
25,5539,92826,51952,0,17.387354850769043
26,5547,92818,51956,0,17.668650150299072
27,5515,92850,51940,0,17.774803638458252
28,5535,92830,51950,0,17.837209463119507
29,5537,92828,51951,0,17.645323514938354
30,5539,92826,51952,0,17.152540683746338
31,5527,92838,51946,0,17.561033010482788
32,5529,92836,51947,0,17.238689661026
33,5533,92832,51949,0,17.287721395492554
34,5541,92824,51953,0,22.09258008003235
35,5517,92848,51941,0,17.449424028396606
36,5523,92842,51944,0,17.178484678268433
37,5545,92820,51955,0,17.65155816078186
38,5529,92836,51947,0,17.218054056167603
39,5535,92830,51950,0,19.828049421310425
40,5505,92860,51935,0,18.203309774398804
41,5535,92830,51950,0,17.602333307266235
42,5535,92830,51950,0,17.733365535736084
43,5519,92846,51942,0,19.096154928207397
44,5541,92824,51953,0,17.154955863952637
45,5543,92822,51954,0,19.75745987892151
46,5529,92836,51947,0,17.615477561950684
47,5535,92830,51950,0,17.069167852401733
48,5533,92832,51949,0,17.083597660064697
49,5533,92832,51949,0,17.52717161178589
50,5533,92832,51949,0,19.56611132621765
51,5515,92850,51940,0,17.687106370925903
52,5535,92830,51950,0,17.365522384643555
53,5545,92820,51955,0,17.53831458091736
54,5509,92856,51937,0,20.4721417427063
55,5543,92822,51954,0,17.611918449401855
56,5537,92828,51951,0,17.76619839668274
57,5545,92820,51955,0,17.58879327774048
58,5543,92822,51954,0,18.91181206703186
59,5521,92844,51943,0,18.657582998275757
60,5553,92812,51959,0,18.00164222717285
61,5535,92830,51950,0,17.47789192199707
62,5529,92836,51947,0,17.201689958572388
63,5541,92824,51953,0,20.155511140823364
64,5527,92838,51946,0,17.612929344177246
65,5537,92828,51951,0,17.6530601978302
66,5513,92852,51939,0,17.872756242752075
67,5537,92828,51951,0,19.598952770233154
68,5535,92830,51950,0,19.019714832305908
69,5523,92842,51944,0,17.880305767059326
70,5517,92848,51941,0,17.121774911880493
71,5541,92824,51953,0,17.524715185165405
72,5525,92840,51945,0,19.91803765296936
73,5531,92834,51948,0,17.55953049659729
74,5533,92832,51949,0,17.24976897239685
75,5525,92840,51945,0,22.131809949874878
76,5525,92840,51945,0,18.014533758163452
77,5513,92852,51939,0,21.167577981948853
78,5521,92844,51943,0,17.647285223007202
79,5541,92824,51953,0,21.759134531021118
80,5533,92832,51949,0,18.443278551101685
81,5535,92830,51950,0,20.176680088043213
82,5513,92852,51939,0,17.09383535385132
83,5551,92814,51958,0,17.885254383087158
84,5531,92834,51948,0,20.123296976089478
85,5513,92852,51939,0,17.35593008995056
86,5525,92840,51945,0,19.455387592315674
87,5537,92828,51951,0,19.40947723388672
88,5529,92836,51947,0,17.465086221694946
89,5551,92814,51958,0,20.530901193618774
90,5535,92830,51950,0,16.876533031463623
91,5545,92820,51955,0,17.3445565700531
92,5523,92842,51944,0,19.94316864013672
93,5539,92826,51952,0,21.09366011619568
94,5531,92834,51948,0,17.802833318710327
95,5529,92836,51947,0,17.653131246566772
96,5555,92810,51960,0,20.023502588272095
97,5517,92848,51941,0,18.044031858444214
98,5539,92826,51952,0,20.00339913368225
99,5543,92822,51954,0,17.60029625892639
100,5533,92832,51949,0,19.934190273284912
101,5525,92840,51945,0,18.458248138427734
102,5523,92842,51944,0,20.486392736434937
103,5529,92836,51947,0,18.237229108810425
104,5551,92814,51958,0,18.08279585838318
105,5521,92844,51943,0,21.90128993988037
106,5535,92830,51950,0,21.766896724700928
107,5515,92850,51940,0,21.22779655456543
108,5539,92826,51952,0,18.6126446723938
109,5509,92856,51937,0,17.61494278907776
110,5525,92840,51945,0,20.326332092285156
111,5557,92808,51961,0,20.416329383850098
112,5533,92832,51949,0,17.949376821517944
113,5529,92836,51947,0,17.468324422836304
114,5543,92822,51954,0,18.113849639892578
115,5533,92832,51949,0,21.279860734939575
116,5545,92820,51955,0,21.597695350646973
117,5527,92838,51946,0,17.33796977996826
118,5545,92820,51955,0,17.579781770706177
119,5531,92834,51948,0,20.609413862228394
120,5521,92844,51943,0,17.464343547821045
121,5521,92844,51943,0,20.715205430984497
122,5535,92830,51950,0,17.313284635543823
123,5531,92834,51948,0,17.535778045654297
124,5549,92816,51957,0,20.395626068115234
125,5531,92834,51948,0,20.543378114700317
126,5523,92842,51944,0,17.332064867019653
127,5545,92820,51955,0,17.457033157348633
128,5527,92838,51946,0,20.358574867248535
129,5517,92848,51941,0,20.31026291847229
130,5539,92826,51952,0,17.12217879295349
131,5539,92826,51952,0,17.202717781066895
132,5547,92818,51956,0,20.551554918289185
133,5537,92828,51951,0,17.306993007659912
134,5559,92806,51962,0,20.45422124862671
135,5549,92816,51957,0,17.122437000274658
136,5529,92836,51947,0,17.026952266693115
137,5525,92840,51945,0,20.026023626327515
138,5533,92832,51949,0,20.106966018676758
139,5535,92830,51950,0,16.971027612686157
140,5527,92838,51946,0,17.286766529083252
141,5515,92850,51940,0,19.96822690963745
142,5529,92836,51947,0,20.314040899276733
143,5533,92832,51949,0,17.17291808128357
144,5525,92840,51945,0,17.17135262489319
145,5521,92844,51943,0,20.76191782951355
146,5523,92842,51944,0,17.524404764175415
147,5529,92836,51947,0,20.43997621536255
148,5545,92820,51955,0,17.94185733795166
149,5521,92844,51943,0,17.919467449188232
150,5511,92854,51938,0,19.538936853408813
151,5533,92832,51949,0,20.40816354751587
152,5547,92818,51956,0,18.789360284805298
153,5537,92828,51951,0,17.53934407234192
154,5543,92822,51954,0,20.191998720169067
155,5521,92844,51943,0,20.550799131393433
156,5531,92834,51948,0,18.23487424850464
157,5553,92812,51959,0,17.466993808746338
158,5543,92822,51954,0,20.383715867996216
159,5551,92814,51958,0,17.31111454963684
160,5529,92836,51947,0,20.459691286087036
161,5521,92844,51943,0,16.950023889541626
162,5513,92852,51939,0,19.428112030029297
163,5517,92848,51941,0,17.20975351333618
164,5529,92836,51947,0,20.67336869239807
165,5517,92848,51941,0,18.791829109191895
166,5533,92832,51949,0,17.484987497329712
167,5541,92824,51953,0,17.32918071746826
168,5523,92842,51944,0,20.736417293548584
169,5561,92804,51963,0,20.479681491851807
170,5543,92822,51954,0,17.690677881240845
171,5521,92844,51943,0,17.543264627456665
172,5517,92848,51941,0,20.50885033607483
173,5517,92848,51941,0,20.26616668701172
174,5519,92846,51942,0,17.3892183303833
175,5523,92842,51944,0,17.3409481048584
176,5533,92832,51949,0,20.48870849609375
177,5547,92818,51956,0,20.204941272735596
178,5517,92848,51941,0,17.827742338180542
179,5535,92830,51950,0,17.515414237976074
180,5545,92820,51955,0,20.55298137664795
181,5533,92832,51949,0,20.594634771347046
182,5543,92822,51954,0,17.988588571548462
183,5557,92808,51961,0,17.665870666503906
184,5535,92830,51950,0,17.840155839920044
185,5539,92826,51952,0,18.19200873374939
186,5527,92838,51946,0,20.342257499694824
187,5529,92836,51947,0,19.285564422607422
188,5547,92818,51956,0,18.573567390441895
189,5533,92832,51949,0,20.68107008934021
190,5521,92844,51943,0,17.422703504562378
191,5545,92820,51955,0,20.658594846725464
192,5527,92838,51946,0,18.661677360534668
193,5521,92844,51943,0,17.67573118209839
194,5537,92828,51951,0,20.887032508850098
195,5539,92826,51952,0,20.789559602737427
196,5547,92818,51956,0,18.459736585617065
197,5519,92846,51942,0,17.963785409927368
198,5535,92830,51950,0,20.52424907684326
199,5541,92824,51953,0,19.711646795272827
